Workbook

Sheet Inputs
B2: PERPLEXITY CHARGEBACK — EDITABLE INPUTS
B3: Edit the blue cells. Yellow = key assumptions. Everything else recalculates automatically.
B5: Input | C5: Value | D5: Notes / Assumption
B6: Pro license — list price ($/seat/yr) | C6: 400 | D6: User-provided list price.
B7: Max license — list price ($/seat/yr) | C7: 3000 | D7: User-provided list price.
B8: Platform uplift (% on spend) | C8: 0.1 | D8: Recovers Platform Team cost (admin, SSO/SCIM, support, governance).
B9: Top-up pack price ($/pack) | C9: 50 | D9: Additional credits when a user exhausts included usage.
B10: Pro seats — baseline (count) | C10: 490 | D10: Total Pro licenses across all BUs.
B11: Max seats — baseline (count) | C11: 10 | D11: Total Max licenses across all BUs.
B12: Pro included credit wallet ($/seat/yr) | C12: 0 | D12: Pre-funded usage per Pro seat ($0 = access only).
B13: Max included credit wallet ($/seat/yr) | C13: 0 | D13: Pre-funded usage per Max seat ($0 = access only).
B14: Contract term (months) | C14: 12 | D14: Used for proration.
B16: Cell map: C6 Pro price · C7 Max price · C8 uplift% · C9 pack · C10 Pro seats · C11 Max seats · C12/C13 wallets · C14 term

Sheet Rate Card & Baseline
B2: FULLY-LOADED RATE CARD
B4: Tier | C4: List $/yr | D4: Uplift | E4: Loaded $/yr
B5: Pro | C5: =Inputs!$C$6 -> 400 | D5: =Inputs!$C$8 -> 0.1 | E5: =Inputs!$C$6*(1+Inputs!$C$8) -> 440
B6: Max | C6: =Inputs!$C$7 -> 3000 | D6: =Inputs!$C$8 -> 0.1 | E6: =Inputs!$C$7*(1+Inputs!$C$8) -> 3300
B7: Top-up pack | C7: =Inputs!$C$9 -> 50 | D7: =Inputs!$C$8 -> 0.1 | E7: =Inputs!$C$9*(1+Inputs!$C$8) -> 55
B9: BASELINE — ANNUAL CHARGEBACK (all seats)
B11: Item | C11: Quantity | D11: Calc / Rate | E11: $ / yr
B12: Pro licenses | C12: =Inputs!$C$10 -> 490 | D12: license × price | E12: =Inputs!$C$10*Inputs!$C$6 -> 196000
B13: Max licenses | C13: =Inputs!$C$11 -> 10 | D13: license × price | E13: =Inputs!$C$11*Inputs!$C$7 -> 30000
B14: License subtotal | E14: =SUM(E12:E13) -> 226000
B15: Platform uplift | C15: =Inputs!$C$8 -> 0.1 | D15: subtotal × uplift | E15: =E14*Inputs!$C$8 -> 22600
B16: TOTAL CHARGEBACK / YR | E16: =E14+E15 -> 248600

Sheet BU Allocation
B2: PER-BU ALLOCATION (edit blue seat/pack counts per BU)
B3: Formula: Total = Pro×LoadedPro + Max×LoadedMax + Packs×LoadedPack (Loaded = list × (1+uplift))
B5: Business Unit | C5: Pro seats | D5: Max seats | E5: Top-up packs | F5: License $ | G5: Platform $ | H5: Total $/yr
B6: Worked example | C6: 25 | D6: 1 | E6: 4 | F6: =C6*Inputs!$C$6+D6*Inputs!$C$7+E6*Inputs!$C$9 -> 13200 | G6: =F6*Inputs!$C$8 -> 1320 | H6: =F6+G6 -> 14520
B7: BU – Marketing | C7: 60 | D7: 1 | E7: 5 | F7: =C7*Inputs!$C$6+D7*Inputs!$C$7+E7*Inputs!$C$9 -> 27250 | G7: =F7*Inputs!$C$8 -> 2725 | H7: =F7+G7 -> 29975
B8: BU – Finance | C8: 40 | D8: 0 | E8: 2 | F8: =C8*Inputs!$C$6+D8*Inputs!$C$7+E8*Inputs!$C$9 -> 16100 | G8: =F8*Inputs!$C$8 -> 1610 | H8: =F8+G8 -> 17710
B9: BU – Engineering | C9: 120 | D9: 4 | E9: 12 | F9: =C9*Inputs!$C$6+D9*Inputs!$C$7+E9*Inputs!$C$9 -> 60600 | G9: =F9*Inputs!$C$8 -> 6060 | H9: =F9+G9 -> 66660
B10: BU – Sales | C10: 90 | D10: 2 | E10: 8 | F10: =C10*Inputs!$C$6+D10*Inputs!$C$7+E10*Inputs!$C$9 -> 42400 | G10: =F10*Inputs!$C$8 -> 4240 | H10: =F10+G10 -> 46640
B11: BU – Operations | C11: 55 | D11: 0 | E11: 3 | F11: =C11*Inputs!$C$6+D11*Inputs!$C$7+E11*Inputs!$C$9 -> 22150 | G11: =F11*Inputs!$C$8 -> 2215 | H11: =F11+G11 -> 24365
B12: TOTAL (sample) | C12: =SUM(C6:C11) -> 390 | D12: =SUM(D6:D11) -> 8 | E12: =SUM(E6:E11) -> 34 | F12: =SUM(F6:F11) -> 181700 | G12: =SUM(G6:G11) -> 18170 | H12: =SUM(H6:H11) -> 199870
B14: Tip: add or delete BU rows above the TOTAL; copy the formulas in F:H down to new rows.

Sheet Proration
B2: MID-TERM ADD-SEAT PRORATION
B3: Charge = price × (whole months remaining ÷ term) × (1 + uplift). Removals: no mid-term refund — true-up at renewal.
B5: Months remaining | C5: +1 Pro seat | D5: +1 Max seat
B6: 9 | C6: =Inputs!$C$6*(B6/Inputs!$C$14)*(1+Inputs!$C$8) -> 330 | D6: =Inputs!$C$7*(B6/Inputs!$C$14)*(1+Inputs!$C$8) -> 2475
B7: 6 | C7: =Inputs!$C$6*(B7/Inputs!$C$14)*(1+Inputs!$C$8) -> 220 | D7: =Inputs!$C$7*(B7/Inputs!$C$14)*(1+Inputs!$C$8) -> 1650
B8: 3 | C8: =Inputs!$C$6*(B8/Inputs!$C$14)*(1+Inputs!$C$8) -> 110 | D8: =Inputs!$C$7*(B8/Inputs!$C$14)*(1+Inputs!$C$8) -> 825
B9: 1 | C9: =Inputs!$C$6*(B9/Inputs!$C$14)*(1+Inputs!$C$8) -> 36.666667 | D9: =Inputs!$C$7*(B9/Inputs!$C$14)*(1+Inputs!$C$8) -> 275
B12: INTERACTIVE CALCULATOR
B13: Tier price ($/yr) | C13: 400
B14: Months remaining | C14: 5
B15: Prorated charge (incl. uplift) | C15: =C13*(C14/Inputs!$C$14)*(1+Inputs!$C$8) -> 183.33333

Sheet Sensitivity
B2: SENSITIVITY — TOTAL CHARGEBACK vs PLATFORM UPLIFT %
B3: License base is fixed; only the platform uplift varies. Edit the blue uplift % cells to test scenarios.
B5: Scenario | C5: Uplift % | D5: License base $ | E5: Platform $ | F5: Total $/yr
B6: Low | C6: 0.05 | D6: =(Inputs!$C$10*Inputs!$C$6+Inputs!$C$11*Inputs!$C$7) -> 226000 | E6: =D6*C6 -> 11300 | F6: =D6+E6 -> 237300
B7: Base (current) | C7: =Inputs!$C$8 -> 0.1 | D7: =(Inputs!$C$10*Inputs!$C$6+Inputs!$C$11*Inputs!$C$7) -> 226000 | E7: =D7*C7 -> 22600 | F7: =D7+E7 -> 248600
B8: High | C8: 0.15 | D8: =(Inputs!$C$10*Inputs!$C$6+Inputs!$C$11*Inputs!$C$7) -> 226000 | E8: =D8*C8 -> 33900 | F8: =D8+E8 -> 259900
